Steps,Policy/Entropy,Environment/Episode Length,Policy/Extrinsic Value Estimate,Environment/Cumulative Reward,Policy/Extrinsic Reward,Is Training
10000,2.89017,440.05882352941177,-0.25795332,-1.0878470680292915,-1.0878470680292915,1.0
20000,2.8866324,644.0625,-0.2367565,-0.8947124984115362,-0.8947124984115362,1.0
30000,2.8728704,680.0,-0.22715637,-0.49879992651668464,-0.49879992651668464,1.0
